mine_id,profile_id,point_number,distance_from_start_m,baseline_elevation_m,current_elevation_m,elevation_difference_m,slope_degree,slope_stability,water_accumulation_potential
MN-KA-2023-001,MN-KA-2023-001_PROFILE_001,0,0.0,783.23,783.23,0.0,0.0,Safe,Low
MN-KA-2023-001,MN-KA-2023-001_PROFILE_001,1,5.0,780.71,780.71,0.0,-26.77,Moderate,Low
MN-KA-2023-001,MN-KA-2023-001_PROFILE_001,2,10.0,779.11,779.11,0.0,-17.73,Moderate,Low
MN-KA-2023-001,MN-KA-2023-001_PROFILE_001,3,15.0,781.33,781.33,0.0,23.92,Moderate,Low
MN-KA-2023-001,MN-KA-2023-001_PROFILE_001,4,20.0,781.58,781.58,0.0,2.85,Safe,Low
MN-KA-2023-001,MN-KA-2023-001_PROFILE_001,5,25.0,776.54,776.54,0.0,-45.2,Critical,Low
MN-KA-2023-001,MN-KA-2023-001_PROFILE_001,6,30.0,779.99,779.99,0.0,34.64,Critical,Low
MN-KA-2023-001,MN-KA-2023-001_PROFILE_001,7,35.0,780.0,780.0,0.0,0.14,Safe,Low
MN-KA-2023-001,MN-KA-2023-001_PROFILE_001,8,40.0,777.8,777.8,0.0,-23.7,Moderate,Low
MN-KA-2023-001,MN-KA-2023-001_PROFILE_001,9,45.0,780.95,780.95,0.0,32.22,Critical,Low
MN-KA-2023-001,MN-KA-2023-001_PROFILE_001,10,50.0,777.7,777.7,0.0,-33.02,Critical,Low
MN-KA-2023-001,MN-KA-2023-001_PROFILE_001,11,55.0,778.05,778.05,0.0,4.02,Safe,Low
MN-KA-2023-001,MN-KA-2023-001_PROFILE_001,12,60.0,777.25,777.25,0.0,-9.05,Safe,Low
MN-KA-2023-001,MN-KA-2023-001_PROFILE_001,13,65.0,777.43,777.43,0.0,2.08,Safe,Low
MN-KA-2023-001,MN-KA-2023-001_PROFILE_001,14,70.0,775.01,775.01,0.0,-25.85,Moderate,Low
MN-KA-2023-001,MN-KA-2023-001_PROFILE_001,15,75.0,774.12,774.12,0.0,-10.09,Safe,Low
MN-KA-2023-001,MN-KA-2023-001_PROFILE_001,16,80.0,779.99,779.99,0.0,49.57,Critical,Low
MN-KA-2023-001,MN-KA-2023-001_PROFILE_001,17,85.0,774.91,774.91,0.0,-45.48,Critical,Low
MN-KA-2023-001,MN-KA-2023-001_PROFILE_001,18,90.0,774.42,774.42,0.0,-5.63,Safe,Low
MN-KA-2023-001,MN-KA-2023-001_PROFILE_001,19,95.0,771.89,771.89,0.0,-26.81,Moderate,Low
MN-KA-2023-001,MN-KA-2023-001_PROFILE_001,20,100.0,774.72,774.72,0.0,29.53,Moderate,Low
MN-KA-2023-001,MN-KA-2023-001_PROFILE_001,21,105.0,773.15,771.66,1.49,-31.45,Critical,Low
MN-KA-2023-001,MN-KA-2023-001_PROFILE_001,22,110.0,778.88,775.9,2.98,40.33,Critical,Low
MN-KA-2023-001,MN-KA-2023-001_PROFILE_001,23,115.0,777.42,772.96,4.46,-30.44,Critical,Low
MN-KA-2023-001,MN-KA-2023-001_PROFILE_001,24,120.0,773.82,767.9,5.93,-45.35,Critical,Low
MN-KA-2023-001,MN-KA-2023-001_PROFILE_001,25,125.0,779.5,772.13,7.38,40.22,Critical,Low
MN-KA-2023-001,MN-KA-2023-001_PROFILE_001,26,130.0,776.76,767.96,8.81,-39.85,Critical,Low
MN-KA-2023-001,MN-KA-2023-001_PROFILE_001,27,135.0,773.95,763.74,10.21,-40.19,Critical,Low
MN-KA-2023-001,MN-KA-2023-001_PROFILE_001,28,140.0,769.4,757.81,11.59,-49.87,Critical,Low
MN-KA-2023-001,MN-KA-2023-001_PROFILE_001,29,145.0,778.78,765.84,12.94,58.1,Critical,Low
MN-KA-2023-001,MN-KA-2023-001_PROFILE_001,30,150.0,771.22,756.97,14.25,-60.59,Critical,Low
MN-KA-2023-001,MN-KA-2023-001_PROFILE_001,31,155.0,770.51,754.99,15.52,-21.63,Moderate,Low
MN-KA-2023-001,MN-KA-2023-001_PROFILE_001,32,160.0,775.65,758.89,16.75,37.98,Critical,Low
MN-KA-2023-001,MN-KA-2023-001_PROFILE_001,33,165.0,778.28,760.34,17.94,16.21,Moderate,Low
MN-KA-2023-001,MN-KA-2023-001_PROFILE_001,34,170.0,775.97,756.9,19.07,-34.54,Critical,Low
MN-KA-2023-001,MN-KA-2023-001_PROFILE_001,35,175.0,774.13,753.98,20.15,-30.33,Critical,Low
MN-KA-2023-001,MN-KA-2023-001_PROFILE_001,36,180.0,773.99,752.81,21.18,-13.17,Safe,Low
MN-KA-2023-001,MN-KA-2023-001_PROFILE_001,37,185.0,774.31,752.16,22.15,-7.43,Safe,Low
MN-KA-2023-001,MN-KA-2023-001_PROFILE_001,38,190.0,773.92,750.86,23.06,-14.56,Safe,Low
MN-KA-2023-001,MN-KA-2023-001_PROFILE_001,39,195.0,772.76,748.86,23.9,-21.8,Moderate,Low
MN-KA-2023-001,MN-KA-2023-001_PROFILE_001,40,200.0,772.21,747.53,24.68,-14.93,Safe,Low
MN-KA-2023-001,MN-KA-2023-001_PROFILE_001,41,205.0,771.67,746.28,25.39,-14.02,Safe,Low
MN-KA-2023-001,MN-KA-2023-001_PROFILE_001,42,210.0,770.09,744.06,26.04,-23.98,Moderate,Low
MN-KA-2023-001,MN-KA-2023-001_PROFILE_001,43,215.0,770.84,744.23,26.61,1.97,Safe,Low
MN-KA-2023-001,MN-KA-2023-001_PROFILE_001,44,220.0,767.81,740.71,27.11,-35.15,Critical,Low
MN-KA-2023-001,MN-KA-2023-001_PROFILE_001,45,225.0,770.8,743.27,27.53,27.15,Moderate,Low
MN-KA-2023-001,MN-KA-2023-001_PROFILE_001,46,230.0,768.82,740.95,27.88,-24.93,Moderate,Low
MN-KA-2023-001,MN-KA-2023-001_PROFILE_001,47,235.0,768.39,740.24,28.15,-8.04,Safe,Low
MN-KA-2023-001,MN-KA-2023-001_PROFILE_001,48,240.0,770.76,742.42,28.34,23.52,Moderate,Low
MN-KA-2023-001,MN-KA-2023-001_PROFILE_001,49,245.0,772.98,744.52,28.46,22.81,Moderate,Low
MN-KA-2023-001,MN-KA-2023-001_PROFILE_001,50,250.0,771.84,743.34,28.5,-13.32,Safe,Low
MN-KA-2023-001,MN-KA-2023-001_PROFILE_001,51,255.0,766.66,738.2,28.46,-45.8,Critical,Low
MN-KA-2023-001,MN-KA-2023-001_PROFILE_001,52,260.0,767.62,739.28,28.34,12.15,Safe,Low
MN-KA-2023-001,MN-KA-2023-001_PROFILE_001,53,265.0,771.28,743.13,28.15,37.61,Critical,Low
MN-KA-2023-001,MN-KA-2023-001_PROFILE_001,54,270.0,767.24,739.36,27.88,-37.03,Critical,Low
MN-KA-2023-001,MN-KA-2023-001_PROFILE_001,55,275.0,768.55,741.02,27.53,18.39,Moderate,Low
MN-KA-2023-001,MN-KA-2023-001_PROFILE_001,56,280.0,769.9,742.79,27.11,19.54,Moderate,Low
MN-KA-2023-001,MN-KA-2023-001_PROFILE_001,57,285.0,766.66,740.06,26.61,-28.67,Moderate,Low
MN-KA-2023-001,MN-KA-2023-001_PROFILE_001,58,290.0,768.61,742.57,26.04,26.7,Moderate,Low
MN-KA-2023-001,MN-KA-2023-001_PROFILE_001,59,295.0,765.53,740.14,25.39,-25.94,Moderate,Low
MN-KA-2023-001,MN-KA-2023-001_PROFILE_001,60,300.0,766.8,742.12,24.68,21.56,Moderate,Low
MN-KA-2023-001,MN-KA-2023-001_PROFILE_001,61,305.0,768.44,744.54,23.9,25.8,Moderate,Low
MN-KA-2023-001,MN-KA-2023-001_PROFILE_001,62,310.0,764.41,741.36,23.06,-32.48,Critical,Low
MN-KA-2023-001,MN-KA-2023-001_PROFILE_001,63,315.0,768.28,746.13,22.15,43.67,Critical,Low
MN-KA-2023-001,MN-KA-2023-001_PROFILE_001,64,320.0,767.16,745.98,21.18,-1.71,Safe,Low
MN-KA-2023-001,MN-KA-2023-001_PROFILE_001,65,325.0,768.1,747.95,20.15,21.53,Moderate,Low
MN-KA-2023-001,MN-KA-2023-001_PROFILE_001,66,330.0,767.25,748.18,19.07,2.61,Safe,Low
MN-KA-2023-001,MN-KA-2023-001_PROFILE_001,67,335.0,769.33,751.39,17.94,32.72,Critical,Low
MN-KA-2023-001,MN-KA-2023-001_PROFILE_001,68,340.0,766.65,749.9,16.75,-16.61,Moderate,Low
MN-KA-2023-001,MN-KA-2023-001_PROFILE_001,69,345.0,765.34,749.82,15.52,-0.93,Safe,Low
MN-KA-2023-001,MN-KA-2023-001_PROFILE_001,70,350.0,766.24,751.99,14.25,23.51,Moderate,Low
MN-KA-2023-001,MN-KA-2023-001_PROFILE_001,71,355.0,766.89,753.95,12.94,21.38,Moderate,Low
MN-KA-2023-001,MN-KA-2023-001_PROFILE_001,72,360.0,765.7,754.11,11.59,1.78,Safe,Low
MN-KA-2023-001,MN-KA-2023-001_PROFILE_001,73,365.0,765.48,755.27,10.21,13.04,Safe,Low
MN-KA-2023-001,MN-KA-2023-001_PROFILE_001,74,370.0,763.8,754.99,8.81,-3.22,Safe,Low
MN-KA-2023-001,MN-KA-2023-001_PROFILE_001,75,375.0,763.67,756.3,7.38,14.66,Safe,Low
MN-KA-2023-001,MN-KA-2023-001_PROFILE_001,76,380.0,761.99,756.07,5.93,-2.64,Safe,Low
MN-KA-2023-001,MN-KA-2023-001_PROFILE_001,77,385.0,768.1,763.64,4.46,56.56,Critical,Low
MN-KA-2023-001,MN-KA-2023-001_PROFILE_001,78,390.0,761.91,758.93,2.98,-43.27,Critical,Low
MN-KA-2023-001,MN-KA-2023-001_PROFILE_001,79,395.0,762.81,761.32,1.49,25.57,Moderate,Low
MN-KA-2023-001,MN-KA-2023-001_PROFILE_001,80,400.0,762.56,762.56,0.0,13.96,Safe,Low
MN-KA-2023-001,MN-KA-2023-001_PROFILE_001,81,405.0,765.59,765.59,0.0,31.21,Critical,Low
MN-KA-2023-001,MN-KA-2023-001_PROFILE_001,82,410.0,763.01,763.01,0.0,-27.29,Moderate,Low
MN-KA-2023-001,MN-KA-2023-001_PROFILE_001,83,415.0,765.9,765.9,0.0,29.99,Moderate,Low
MN-KA-2023-001,MN-KA-2023-001_PROFILE_001,84,420.0,761.85,761.85,0.0,-38.99,Critical,Low
MN-KA-2023-001,MN-KA-2023-001_PROFILE_001,85,425.0,763.56,763.56,0.0,18.86,Moderate,Low
MN-KA-2023-001,MN-KA-2023-001_PROFILE_001,86,430.0,761.13,761.13,0.0,-25.93,Moderate,Low
MN-KA-2023-001,MN-KA-2023-001_PROFILE_001,87,435.0,766.89,766.89,0.0,49.04,Critical,Low
MN-KA-2023-001,MN-KA-2023-001_PROFILE_001,88,440.0,760.02,760.02,0.0,-53.93,Critical,Low
MN-KA-2023-001,MN-KA-2023-001_PROFILE_001,89,445.0,762.82,762.82,0.0,29.25,Moderate,Low
MN-KA-2023-001,MN-KA-2023-001_PROFILE_001,90,450.0,763.27,763.27,0.0,5.11,Safe,Low
MN-KA-2023-001,MN-KA-2023-001_PROFILE_001,91,455.0,762.63,762.63,0.0,-7.32,Safe,Low
MN-KA-2023-001,MN-KA-2023-001_PROFILE_001,92,460.0,761.23,761.23,0.0,-15.65,Moderate,Low
MN-KA-2023-001,MN-KA-2023-001_PROFILE_001,93,465.0,761.14,761.14,0.0,-1.03,Safe,Low
MN-KA-2023-001,MN-KA-2023-001_PROFILE_001,94,470.0,761.29,761.29,0.0,1.69,Safe,Low
MN-KA-2023-001,MN-KA-2023-001_PROFILE_001,95,475.0,760.71,760.71,0.0,-6.66,Safe,Low
MN-KA-2023-001,MN-KA-2023-001_PROFILE_001,96,480.0,762.73,762.73,0.0,21.98,Moderate,Low
MN-KA-2023-001,MN-KA-2023-001_PROFILE_001,97,485.0,765.02,765.02,0.0,24.62,Moderate,Low
MN-KA-2023-001,MN-KA-2023-001_PROFILE_001,98,490.0,759.29,759.29,0.0,-48.92,Critical,Low
MN-KA-2023-001,MN-KA-2023-001_PROFILE_001,99,495.0,757.46,757.46,0.0,-20.1,Moderate,Low
MN-KA-2023-002,MN-KA-2023-002_PROFILE_001,0,0.0,519.82,519.82,0.0,0.0,Safe,Low
MN-KA-2023-002,MN-KA-2023-002_PROFILE_001,1,5.0,524.96,524.96,0.0,45.79,Critical,Low
MN-KA-2023-002,MN-KA-2023-002_PROFILE_001,2,10.0,517.99,517.99,0.0,-54.34,Critical,Low
MN-KA-2023-002,MN-KA-2023-002_PROFILE_001,3,15.0,522.68,522.68,0.0,43.16,Critical,Low
MN-KA-2023-002,MN-KA-2023-002_PROFILE_001,4,20.0,522.56,522.56,0.0,-1.43,Safe,Low
MN-KA-2023-002,MN-KA-2023-002_PROFILE_001,5,25.0,517.89,517.89,0.0,-43.03,Critical,Low
MN-KA-2023-002,MN-KA-2023-002_PROFILE_001,6,30.0,519.94,519.94,0.0,22.27,Moderate,Low
MN-KA-2023-002,MN-KA-2023-002_PROFILE_001,7,35.0,521.86,521.86,0.0,20.97,Moderate,Low
MN-KA-2023-002,MN-KA-2023-002_PROFILE_001,8,40.0,517.64,517.64,0.0,-40.15,Critical,Low
MN-KA-2023-002,MN-KA-2023-002_PROFILE_001,9,45.0,517.79,517.79,0.0,1.75,Safe,Low
MN-KA-2023-002,MN-KA-2023-002_PROFILE_001,10,50.0,516.84,516.84,0.0,-10.8,Safe,Low
MN-KA-2023-002,MN-KA-2023-002_PROFILE_001,11,55.0,515.77,515.77,0.0,-12.07,Safe,Low
MN-KA-2023-002,MN-KA-2023-002_PROFILE_001,12,60.0,516.3,516.3,0.0,6.07,Safe,Low
MN-KA-2023-002,MN-KA-2023-002_PROFILE_001,13,65.0,514.95,514.95,0.0,-15.09,Moderate,Low
MN-KA-2023-002,MN-KA-2023-002_PROFILE_001,14,70.0,517.27,517.27,0.0,24.87,Moderate,Low
MN-KA-2023-002,MN-KA-2023-002_PROFILE_001,15,75.0,515.46,515.46,0.0,-19.9,Moderate,Low
MN-KA-2023-002,MN-KA-2023-002_PROFILE_001,16,80.0,517.27,517.27,0.0,19.88,Moderate,Low
MN-KA-2023-002,MN-KA-2023-002_PROFILE_001,17,85.0,513.49,513.49,0.0,-37.1,Critical,Low
MN-KA-2023-002,MN-KA-2023-002_PROFILE_001,18,90.0,517.06,517.06,0.0,35.54,Critical,Low
MN-KA-2023-002,MN-KA-2023-002_PROFILE_001,19,95.0,517.87,517.87,0.0,9.17,Safe,Low
MN-KA-2023-002,MN-KA-2023-002_PROFILE_001,20,100.0,512.01,512.01,0.0,-49.52,Critical,Low
MN-KA-2023-002,MN-KA-2023-002_PROFILE_001,21,105.0,516.55,514.18,2.37,23.49,Moderate,Low
MN-KA-2023-002,MN-KA-2023-002_PROFILE_001,22,110.0,518.06,513.33,4.72,-9.64,Safe,Low
MN-KA-2023-002,MN-KA-2023-002_PROFILE_001,23,115.0,512.98,505.91,7.07,-56.03,Critical,Low
MN-KA-2023-002,MN-KA-2023-002_PROFILE_001,24,120.0,518.55,509.15,9.4,32.92,Critical,Low
MN-KA-2023-002,MN-KA-2023-002_PROFILE_001,25,125.0,515.84,504.14,11.7,-45.06,Critical,Low
MN-KA-2023-002,MN-KA-2023-002_PROFILE_001,26,130.0,513.39,499.42,13.97,-43.34,Critical,Low
MN-KA-2023-002,MN-KA-2023-002_PROFILE_001,27,135.0,514.49,498.29,16.2,-12.73,Safe,Low
MN-KA-2023-002,MN-KA-2023-002_PROFILE_001,28,140.0,515.52,497.13,18.38,-13.04,Safe,Low
MN-KA-2023-002,MN-KA-2023-002_PROFILE_001,29,145.0,514.35,493.83,20.52,-33.41,Critical,Low
MN-KA-2023-002,MN-KA-2023-002_PROFILE_001,30,150.0,515.08,492.48,22.6,-15.14,Moderate,Low
MN-KA-2023-002,MN-KA-2023-002_PROFILE_001,31,155.0,511.96,487.34,24.62,-45.79,Critical,Low
MN-KA-2023-002,MN-KA-2023-002_PROFILE_001,32,160.0,513.94,487.37,26.57,0.35,Safe,Low
MN-KA-2023-002,MN-KA-2023-002_PROFILE_001,33,165.0,510.57,482.13,28.45,-46.36,Critical,Low
MN-KA-2023-002,MN-KA-2023-002_PROFILE_001,34,170.0,512.98,482.73,30.24,6.87,Safe,Low
MN-KA-2023-002,MN-KA-2023-002_PROFILE_001,35,175.0,511.19,479.23,31.96,-34.98,Critical,Low
MN-KA-2023-002,MN-KA-2023-002_PROFILE_001,36,180.0,511.33,477.74,33.59,-16.61,Moderate,Low
MN-KA-2023-002,MN-KA-2023-002_PROFILE_001,37,185.0,515.07,479.95,35.13,23.8,Moderate,Low
MN-KA-2023-002,MN-KA-2023-002_PROFILE_001,38,190.0,514.58,478.02,36.57,-21.16,Moderate,Low
MN-KA-2023-002,MN-KA-2023-002_PROFILE_001,39,195.0,513.42,475.51,37.91,-26.65,Moderate,Low
MN-KA-2023-002,MN-KA-2023-002_PROFILE_001,40,200.0,509.82,470.67,39.14,-44.06,Critical,Low
MN-KA-2023-002,MN-KA-2023-002_PROFILE_001,41,205.0,511.17,470.89,40.27,2.56,Safe,Low
MN-KA-2023-002,MN-KA-2023-002_PROFILE_001,42,210.0,514.03,472.73,41.29,20.24,Moderate,Low
MN-KA-2023-002,MN-KA-2023-002_PROFILE_001,43,215.0,511.68,469.49,42.2,-32.98,Critical,Low
MN-KA-2023-002,MN-KA-2023-002_PROFILE_001,44,220.0,515.84,472.85,42.99,33.91,Critical,Low
MN-KA-2023-002,MN-KA-2023-002_PROFILE_001,45,225.0,511.79,468.13,43.66,-43.37,Critical,Low
MN-KA-2023-002,MN-KA-2023-002_PROFILE_001,46,230.0,511.18,466.97,44.21,-13.04,Safe,Low
MN-KA-2023-002,MN-KA-2023-002_PROFILE_001,47,235.0,509.98,465.34,44.64,-18.07,Moderate,Low
MN-KA-2023-002,MN-KA-2023-002_PROFILE_001,48,240.0,510.67,465.71,44.95,4.29,Safe,Low
MN-KA-2023-002,MN-KA-2023-002_PROFILE_001,49,245.0,509.9,464.76,45.14,-10.79,Safe,Low
MN-KA-2023-002,MN-KA-2023-002_PROFILE_001,50,250.0,511.42,466.22,45.2,16.24,Moderate,Low
MN-KA-2023-002,MN-KA-2023-002_PROFILE_001,51,255.0,511.71,466.58,45.14,4.07,Safe,Low
MN-KA-2023-002,MN-KA-2023-002_PROFILE_001,52,260.0,508.03,463.08,44.95,-35.03,Critical,Low
MN-KA-2023-002,MN-KA-2023-002_PROFILE_001,53,265.0,506.74,462.09,44.64,-11.16,Safe,Low
MN-KA-2023-002,MN-KA-2023-002_PROFILE_001,54,270.0,505.53,461.32,44.21,-8.81,Safe,Low
MN-KA-2023-002,MN-KA-2023-002_PROFILE_001,55,275.0,510.02,466.36,43.66,45.21,Critical,Low
MN-KA-2023-002,MN-KA-2023-002_PROFILE_001,56,280.0,506.59,463.61,42.99,-28.85,Moderate,Low
MN-KA-2023-002,MN-KA-2023-002_PROFILE_001,57,285.0,504.29,462.1,42.2,-16.84,Moderate,Low
MN-KA-2023-002,MN-KA-2023-002_PROFILE_001,58,290.0,509.18,467.88,41.29,49.16,Critical,Low
MN-KA-2023-002,MN-KA-2023-002_PROFILE_001,59,295.0,513.19,472.91,40.27,45.19,Critical,Low
MN-KA-2023-002,MN-KA-2023-002_PROFILE_001,60,300.0,507.99,468.84,39.14,-39.12,Critical,Low
MN-KA-2023-002,MN-KA-2023-002_PROFILE_001,61,305.0,509.48,471.57,37.91,28.63,Moderate,Low
MN-KA-2023-002,MN-KA-2023-002_PROFILE_001,62,310.0,507.76,471.2,36.57,-4.28,Safe,Low
MN-KA-2023-002,MN-KA-2023-002_PROFILE_001,63,315.0,507.2,472.08,35.13,9.93,Safe,Low
MN-KA-2023-002,MN-KA-2023-002_PROFILE_001,64,320.0,509.04,475.45,33.59,33.96,Critical,Low
MN-KA-2023-002,MN-KA-2023-002_PROFILE_001,65,325.0,506.42,474.46,31.96,-11.22,Safe,Low
MN-KA-2023-002,MN-KA-2023-002_PROFILE_001,66,330.0,507.33,477.09,30.24,27.75,Moderate,Low
MN-KA-2023-002,MN-KA-2023-002_PROFILE_001,67,335.0,507.24,478.8,28.45,18.86,Moderate,Low
MN-KA-2023-002,MN-KA-2023-002_PROFILE_001,68,340.0,505.06,478.5,26.57,-3.48,Safe,Low
MN-KA-2023-002,MN-KA-2023-002_PROFILE_001,69,345.0,508.18,483.57,24.62,45.38,Critical,Low
MN-KA-2023-002,MN-KA-2023-002_PROFILE_001,70,350.0,505.65,483.05,22.6,-5.94,Safe,Low
MN-KA-2023-002,MN-KA-2023-002_PROFILE_001,71,355.0,504.29,483.77,20.52,8.17,Safe,Low
MN-KA-2023-002,MN-KA-2023-002_PROFILE_001,72,360.0,506.67,488.29,18.38,42.1,Critical,Low
MN-KA-2023-002,MN-KA-2023-002_PROFILE_001,73,365.0,503.6,487.4,16.2,-10.04,Safe,Low
MN-KA-2023-002,MN-KA-2023-002_PROFILE_001,74,370.0,505.26,491.29,13.97,37.87,Critical,Low
MN-KA-2023-002,MN-KA-2023-002_PROFILE_001,75,375.0,504.98,493.28,11.7,21.73,Moderate,Low
MN-KA-2023-002,MN-KA-2023-002_PROFILE_001,76,380.0,506.97,497.57,9.4,40.66,Critical,Low
MN-KA-2023-002,MN-KA-2023-002_PROFILE_001,77,385.0,505.55,498.48,7.07,10.3,Safe,Low
MN-KA-2023-002,MN-KA-2023-002_PROFILE_001,78,390.0,504.35,499.63,4.72,12.9,Safe,Low
MN-KA-2023-002,MN-KA-2023-002_PROFILE_001,79,395.0,505.84,503.47,2.37,37.52,Critical,Low
MN-KA-2023-002,MN-KA-2023-002_PROFILE_001,80,400.0,506.78,506.78,0.0,33.51,Critical,Low
MN-KA-2023-002,MN-KA-2023-002_PROFILE_001,81,405.0,504.92,504.92,0.0,-20.45,Moderate,Low
MN-KA-2023-002,MN-KA-2023-002_PROFILE_001,82,410.0,503.62,503.62,0.0,-14.57,Safe,Low
MN-KA-2023-002,MN-KA-2023-002_PROFILE_001,83,415.0,500.78,500.78,0.0,-29.63,Moderate,Low
MN-KA-2023-002,MN-KA-2023-002_PROFILE_001,84,420.0,501.07,501.07,0.0,3.32,Safe,Low
MN-KA-2023-002,MN-KA-2023-002_PROFILE_001,85,425.0,502.39,502.39,0.0,14.78,Safe,Low
MN-KA-2023-002,MN-KA-2023-002_PROFILE_001,86,430.0,501.58,501.58,0.0,-9.19,Safe,Low
MN-KA-2023-002,MN-KA-2023-002_PROFILE_001,87,435.0,502.23,502.23,0.0,7.36,Safe,Low
MN-KA-2023-002,MN-KA-2023-002_PROFILE_001,88,440.0,502.51,502.51,0.0,3.24,Safe,Low
MN-KA-2023-002,MN-KA-2023-002_PROFILE_001,89,445.0,503.26,503.26,0.0,8.52,Safe,Low
MN-KA-2023-002,MN-KA-2023-002_PROFILE_001,90,450.0,501.86,501.86,0.0,-15.65,Moderate,Low
MN-KA-2023-002,MN-KA-2023-002_PROFILE_001,91,455.0,502.77,502.77,0.0,10.35,Safe,Low
MN-KA-2023-002,MN-KA-2023-002_PROFILE_001,92,460.0,501.73,501.73,0.0,-11.76,Safe,Low
MN-KA-2023-002,MN-KA-2023-002_PROFILE_001,93,465.0,497.45,497.45,0.0,-40.57,Critical,Low
MN-KA-2023-002,MN-KA-2023-002_PROFILE_001,94,470.0,499.32,499.32,0.0,20.52,Moderate,Low
MN-KA-2023-002,MN-KA-2023-002_PROFILE_001,95,475.0,500.71,500.71,0.0,15.56,Moderate,Low
MN-KA-2023-002,MN-KA-2023-002_PROFILE_001,96,480.0,498.38,498.38,0.0,-24.98,Moderate,Low
MN-KA-2023-002,MN-KA-2023-002_PROFILE_001,97,485.0,501.8,501.8,0.0,34.37,Critical,Low
MN-KA-2023-002,MN-KA-2023-002_PROFILE_001,98,490.0,503.46,503.46,0.0,18.38,Moderate,Low
MN-KA-2023-002,MN-KA-2023-002_PROFILE_001,99,495.0,502.64,502.64,0.0,-9.34,Safe,Low
MN-KA-2023-003,MN-KA-2023-003_PROFILE_001,0,0.0,719.57,719.57,0.0,0.0,Safe,Low
MN-KA-2023-003,MN-KA-2023-003_PROFILE_001,1,5.0,722.78,722.78,0.0,32.71,Critical,Low
MN-KA-2023-003,MN-KA-2023-003_PROFILE_001,2,10.0,719.9,719.9,0.0,-29.96,Moderate,Low
MN-KA-2023-003,MN-KA-2023-003_PROFILE_001,3,15.0,718.73,718.73,0.0,-13.22,Safe,Low
MN-KA-2023-003,MN-KA-2023-003_PROFILE_001,4,20.0,717.97,717.97,0.0,-8.61,Safe,Low
MN-KA-2023-003,MN-KA-2023-003_PROFILE_001,5,25.0,718.4,718.4,0.0,4.86,Safe,Low
MN-KA-2023-003,MN-KA-2023-003_PROFILE_001,6,30.0,718.02,718.02,0.0,-4.3,Safe,Low
MN-KA-2023-003,MN-KA-2023-003_PROFILE_001,7,35.0,718.94,718.94,0.0,10.44,Safe,Low
MN-KA-2023-003,MN-KA-2023-003_PROFILE_001,8,40.0,718.72,718.72,0.0,-2.51,Safe,Low
MN-KA-2023-003,MN-KA-2023-003_PROFILE_001,9,45.0,718.21,718.21,0.0,-5.87,Safe,Low
MN-KA-2023-003,MN-KA-2023-003_PROFILE_001,10,50.0,718.87,718.87,0.0,7.56,Safe,Low
MN-KA-2023-003,MN-KA-2023-003_PROFILE_001,11,55.0,720.18,720.18,0.0,14.7,Safe,Low
MN-KA-2023-003,MN-KA-2023-003_PROFILE_001,12,60.0,719.5,719.5,0.0,-7.75,Safe,Low
MN-KA-2023-003,MN-KA-2023-003_PROFILE_001,13,65.0,714.43,714.43,0.0,-45.4,Critical,Low
MN-KA-2023-003,MN-KA-2023-003_PROFILE_001,14,70.0,712.09,712.09,0.0,-25.06,Moderate,Low
MN-KA-2023-003,MN-KA-2023-003_PROFILE_001,15,75.0,718.87,718.87,0.0,53.59,Critical,Low
MN-KA-2023-003,MN-KA-2023-003_PROFILE_001,16,80.0,714.07,714.07,0.0,-43.85,Critical,Low
MN-KA-2023-003,MN-KA-2023-003_PROFILE_001,17,85.0,716.15,716.15,0.0,22.59,Moderate,Low
MN-KA-2023-003,MN-KA-2023-003_PROFILE_001,18,90.0,714.06,714.06,0.0,-22.69,Moderate,Low
MN-KA-2023-003,MN-KA-2023-003_PROFILE_001,19,95.0,712.6,712.6,0.0,-16.32,Moderate,Low
MN-KA-2023-003,MN-KA-2023-003_PROFILE_001,20,100.0,717.08,717.08,0.0,41.88,Critical,Low
MN-KA-2023-003,MN-KA-2023-003_PROFILE_001,21,105.0,717.32,716.36,0.96,-8.19,Safe,Low
MN-KA-2023-003,MN-KA-2023-003_PROFILE_001,22,110.0,714.45,712.53,1.91,-37.42,Critical,Low
MN-KA-2023-003,MN-KA-2023-003_PROFILE_001,23,115.0,710.22,707.36,2.86,-45.98,Critical,Low
MN-KA-2023-003,MN-KA-2023-003_PROFILE_001,24,120.0,714.11,710.3,3.8,30.48,Critical,Low
MN-KA-2023-003,MN-KA-2023-003_PROFILE_001,25,125.0,715.78,711.05,4.74,8.5,Safe,Low
MN-KA-2023-003,MN-KA-2023-003_PROFILE_001,26,130.0,711.84,706.19,5.66,-44.2,Critical,Low
MN-KA-2023-003,MN-KA-2023-003_PROFILE_001,27,135.0,714.97,708.41,6.56,23.93,Moderate,Low
MN-KA-2023-003,MN-KA-2023-003_PROFILE_001,28,140.0,714.37,706.93,7.44,-16.53,Moderate,Low
MN-KA-2023-003,MN-KA-2023-003_PROFILE_001,29,145.0,715.36,707.05,8.31,1.38,Safe,Low
MN-KA-2023-003,MN-KA-2023-003_PROFILE_001,30,150.0,714.24,705.09,9.15,-21.41,Moderate,Low
MN-KA-2023-003,MN-KA-2023-003_PROFILE_001,31,155.0,711.85,701.89,9.97,-32.64,Critical,Low
MN-KA-2023-003,MN-KA-2023-003_PROFILE_001,32,160.0,715.99,705.24,10.76,33.8,Critical,Low
MN-KA-2023-003,MN-KA-2023-003_PROFILE_001,33,165.0,713.08,701.57,11.52,-36.31,Critical,Low
MN-KA-2023-003,MN-KA-2023-003_PROFILE_001,34,170.0,713.15,700.9,12.25,-7.63,Safe,Low
MN-KA-2023-003,MN-KA-2023-003_PROFILE_001,35,175.0,711.13,698.19,12.94,-28.43,Moderate,Low
MN-KA-2023-003,MN-KA-2023-003_PROFILE_001,36,180.0,711.91,698.31,13.6,1.42,Safe,Low
MN-KA-2023-003,MN-KA-2023-003_PROFILE_001,37,185.0,710.83,696.61,14.22,-18.79,Moderate,Low
MN-KA-2023-003,MN-KA-2023-003_PROFILE_001,38,190.0,712.05,697.25,14.81,7.28,Safe,Low
MN-KA-2023-003,MN-KA-2023-003_PROFILE_001,39,195.0,715.62,700.28,15.35,31.18,Critical,Low
MN-KA-2023-003,MN-KA-2023-003_PROFILE_001,40,200.0,709.26,693.41,15.85,-53.96,Critical,Low
MN-KA-2023-003,MN-KA-2023-003_PROFILE_001,41,205.0,708.57,692.27,16.31,-12.87,Safe,Low
MN-KA-2023-003,MN-KA-2023-003_PROFILE_001,42,210.0,714.54,697.82,16.72,48.01,Critical,Low
MN-KA-2023-003,MN-KA-2023-003_PROFILE_001,43,215.0,710.98,693.9,17.08,-38.12,Critical,Low
MN-KA-2023-003,MN-KA-2023-003_PROFILE_001,44,220.0,709.86,692.46,17.4,-16.09,Moderate,Low
MN-KA-2023-003,MN-KA-2023-003_PROFILE_001,45,225.0,713.08,695.4,17.68,30.48,Critical,Low
MN-KA-2023-003,MN-KA-2023-003_PROFILE_001,46,230.0,709.59,691.69,17.9,-36.59,Critical,Low
MN-KA-2023-003,MN-KA-2023-003_PROFILE_001,47,235.0,714.25,696.18,18.07,41.91,Critical,Low
MN-KA-2023-003,MN-KA-2023-003_PROFILE_001,48,240.0,711.76,693.56,18.2,-27.69,Moderate,Low
MN-KA-2023-003,MN-KA-2023-003_PROFILE_001,49,245.0,709.22,690.95,18.27,-27.57,Moderate,Low
MN-KA-2023-003,MN-KA-2023-003_PROFILE_001,50,250.0,714.31,696.01,18.3,45.37,Critical,Low
MN-KA-2023-003,MN-KA-2023-003_PROFILE_001,51,255.0,708.59,690.31,18.27,-48.72,Critical,Low
MN-KA-2023-003,MN-KA-2023-003_PROFILE_001,52,260.0,711.08,692.88,18.2,27.24,Moderate,Low
MN-KA-2023-003,MN-KA-2023-003_PROFILE_001,53,265.0,710.0,691.92,18.07,-10.83,Safe,Low
MN-KA-2023-003,MN-KA-2023-003_PROFILE_001,54,270.0,711.8,693.9,17.9,21.64,Moderate,Low
MN-KA-2023-003,MN-KA-2023-003_PROFILE_001,55,275.0,712.12,694.45,17.68,6.24,Safe,Low
MN-KA-2023-003,MN-KA-2023-003_PROFILE_001,56,280.0,708.86,691.46,17.4,-30.88,Critical,Low
MN-KA-2023-003,MN-KA-2023-003_PROFILE_001,57,285.0,707.09,690.01,17.08,-16.19,Moderate,Low
MN-KA-2023-003,MN-KA-2023-003_PROFILE_001,58,290.0,709.32,692.6,16.72,27.4,Moderate,Low
MN-KA-2023-003,MN-KA-2023-003_PROFILE_001,59,295.0,706.84,690.54,16.31,-22.4,Moderate,Low
MN-KA-2023-003,MN-KA-2023-003_PROFILE_001,60,300.0,712.03,696.18,15.85,48.43,Critical,Low
MN-KA-2023-003,MN-KA-2023-003_PROFILE_001,61,305.0,708.07,692.73,15.35,-34.64,Critical,Low
MN-KA-2023-003,MN-KA-2023-003_PROFILE_001,62,310.0,706.87,692.06,14.81,-7.58,Safe,Low
MN-KA-2023-003,MN-KA-2023-003_PROFILE_001,63,315.0,707.77,693.55,14.22,16.57,Moderate,Low
MN-KA-2023-003,MN-KA-2023-003_PROFILE_001,64,320.0,704.51,690.91,13.6,-27.87,Moderate,Low
MN-KA-2023-003,MN-KA-2023-003_PROFILE_001,65,325.0,705.06,692.12,12.94,13.57,Safe,Low
MN-KA-2023-003,MN-KA-2023-003_PROFILE_001,66,330.0,709.2,696.96,12.25,44.04,Critical,Low
MN-KA-2023-003,MN-KA-2023-003_PROFILE_001,67,335.0,705.29,693.77,11.52,-32.54,Critical,Low
MN-KA-2023-003,MN-KA-2023-003_PROFILE_001,68,340.0,704.31,693.55,10.76,-2.52,Safe,Low
MN-KA-2023-003,MN-KA-2023-003_PROFILE_001,69,345.0,707.27,697.31,9.97,36.92,Critical,Low
MN-KA-2023-003,MN-KA-2023-003_PROFILE_001,70,350.0,708.37,699.22,9.15,20.92,Moderate,Low
MN-KA-2023-003,MN-KA-2023-003_PROFILE_001,71,355.0,707.24,698.93,8.31,-3.32,Safe,Low
MN-KA-2023-003,MN-KA-2023-003_PROFILE_001,72,360.0,707.59,700.15,7.44,13.7,Safe,Low
MN-KA-2023-003,MN-KA-2023-003_PROFILE_001,73,365.0,703.89,697.33,6.56,-29.44,Moderate,Low
MN-KA-2023-003,MN-KA-2023-003_PROFILE_001,74,370.0,702.36,696.7,5.66,-7.17,Safe,Low
MN-KA-2023-003,MN-KA-2023-003_PROFILE_001,75,375.0,708.0,703.27,4.74,52.71,Critical,Low
MN-KA-2023-003,MN-KA-2023-003_PROFILE_001,76,380.0,704.15,700.35,3.8,-30.29,Critical,Low
MN-KA-2023-003,MN-KA-2023-003_PROFILE_001,77,385.0,704.1,701.24,2.86,10.04,Safe,Low
MN-KA-2023-003,MN-KA-2023-003_PROFILE_001,78,390.0,707.06,705.14,1.91,37.98,Critical,Low
MN-KA-2023-003,MN-KA-2023-003_PROFILE_001,79,395.0,705.31,704.35,0.96,-8.93,Safe,Low
MN-KA-2023-003,MN-KA-2023-003_PROFILE_001,80,400.0,704.91,704.91,0.0,6.41,Safe,Low
MN-KA-2023-003,MN-KA-2023-003_PROFILE_001,81,405.0,708.13,708.13,0.0,32.78,Critical,Low
MN-KA-2023-003,MN-KA-2023-003_PROFILE_001,82,410.0,702.31,702.31,0.0,-49.32,Critical,Low
MN-KA-2023-003,MN-KA-2023-003_PROFILE_001,83,415.0,705.26,705.26,0.0,30.5,Critical,Low
MN-KA-2023-003,MN-KA-2023-003_PROFILE_001,84,420.0,703.31,703.31,0.0,-21.27,Moderate,Low
MN-KA-2023-003,MN-KA-2023-003_PROFILE_001,85,425.0,703.54,703.54,0.0,2.6,Safe,Low
MN-KA-2023-003,MN-KA-2023-003_PROFILE_001,86,430.0,705.86,705.86,0.0,24.86,Moderate,Low
MN-KA-2023-003,MN-KA-2023-003_PROFILE_001,87,435.0,703.62,703.62,0.0,-24.17,Moderate,Low
MN-KA-2023-003,MN-KA-2023-003_PROFILE_001,88,440.0,703.48,703.48,0.0,-1.64,Safe,Low
MN-KA-2023-003,MN-KA-2023-003_PROFILE_001,89,445.0,704.35,704.35,0.0,9.82,Safe,Low
MN-KA-2023-003,MN-KA-2023-003_PROFILE_001,90,450.0,701.27,701.27,0.0,-31.63,Critical,Low
MN-KA-2023-003,MN-KA-2023-003_PROFILE_001,91,455.0,700.12,700.12,0.0,-12.94,Safe,Low
MN-KA-2023-003,MN-KA-2023-003_PROFILE_001,92,460.0,699.51,699.51,0.0,-6.95,Safe,Low
MN-KA-2023-003,MN-KA-2023-003_PROFILE_001,93,465.0,697.47,697.47,0.0,-22.22,Moderate,Low
MN-KA-2023-003,MN-KA-2023-003_PROFILE_001,94,470.0,705.31,705.31,0.0,57.48,Critical,Low
MN-KA-2023-003,MN-KA-2023-003_PROFILE_001,95,475.0,698.79,698.79,0.0,-52.5,Critical,Low
MN-KA-2023-003,MN-KA-2023-003_PROFILE_001,96,480.0,700.36,700.36,0.0,17.41,Moderate,Low
MN-KA-2023-003,MN-KA-2023-003_PROFILE_001,97,485.0,700.05,700.05,0.0,-3.59,Safe,Low
MN-KA-2023-003,MN-KA-2023-003_PROFILE_001,98,490.0,701.01,701.01,0.0,10.92,Safe,Low
MN-KA-2023-003,MN-KA-2023-003_PROFILE_001,99,495.0,701.83,701.83,0.0,9.33,Safe,Low
MN-TN-2023-004,MN-TN-2023-004_PROFILE_001,0,0.0,381.72,381.72,0.0,0.0,Safe,Low
MN-TN-2023-004,MN-TN-2023-004_PROFILE_001,1,5.0,378.63,378.63,0.0,-31.68,Critical,Low
MN-TN-2023-004,MN-TN-2023-004_PROFILE_001,2,10.0,379.27,379.27,0.0,7.25,Safe,Low
MN-TN-2023-004,MN-TN-2023-004_PROFILE_001,3,15.0,379.97,379.97,0.0,7.92,Safe,Low
MN-TN-2023-004,MN-TN-2023-004_PROFILE_001,4,20.0,378.7,378.7,0.0,-14.22,Safe,Low
MN-TN-2023-004,MN-TN-2023-004_PROFILE_001,5,25.0,382.21,382.21,0.0,35.1,Critical,Low
MN-TN-2023-004,MN-TN-2023-004_PROFILE_001,6,30.0,379.78,379.78,0.0,-25.9,Moderate,Low
MN-TN-2023-004,MN-TN-2023-004_PROFILE_001,7,35.0,380.07,380.07,0.0,3.32,Safe,Low
MN-TN-2023-004,MN-TN-2023-004_PROFILE_001,8,40.0,379.73,379.73,0.0,-3.94,Safe,Low
MN-TN-2023-004,MN-TN-2023-004_PROFILE_001,9,45.0,380.55,380.55,0.0,9.28,Safe,Low
MN-TN-2023-004,MN-TN-2023-004_PROFILE_001,10,50.0,378.36,378.36,0.0,-23.63,Moderate,Low
MN-TN-2023-004,MN-TN-2023-004_PROFILE_001,11,55.0,375.21,375.21,0.0,-32.24,Critical,Low
MN-TN-2023-004,MN-TN-2023-004_PROFILE_001,12,60.0,378.4,378.4,0.0,32.53,Critical,Low
MN-TN-2023-004,MN-TN-2023-004_PROFILE_001,13,65.0,376.1,376.1,0.0,-24.73,Moderate,Low
MN-TN-2023-004,MN-TN-2023-004_PROFILE_001,14,70.0,376.14,376.14,0.0,0.49,Safe,Low
MN-TN-2023-004,MN-TN-2023-004_PROFILE_001,15,75.0,378.17,378.17,0.0,22.12,Moderate,Low
MN-TN-2023-004,MN-TN-2023-004_PROFILE_001,16,80.0,379.28,379.28,0.0,12.48,Safe,Low
MN-TN-2023-004,MN-TN-2023-004_PROFILE_001,17,85.0,376.64,376.64,0.0,-27.81,Moderate,Low
MN-TN-2023-004,MN-TN-2023-004_PROFILE_001,18,90.0,377.02,377.02,0.0,4.32,Safe,Low
MN-TN-2023-004,MN-TN-2023-004_PROFILE_001,19,95.0,379.6,379.6,0.0,27.33,Moderate,Low
MN-TN-2023-004,MN-TN-2023-004_PROFILE_001,20,100.0,376.48,376.48,0.0,-31.95,Critical,Low
MN-TN-2023-004,MN-TN-2023-004_PROFILE_001,21,105.0,381.0,379.29,1.71,29.35,Moderate,Low
MN-TN-2023-004,MN-TN-2023-004_PROFILE_001,22,110.0,376.73,373.31,3.42,-50.09,Critical,Low
MN-TN-2023-004,MN-TN-2023-004_PROFILE_001,23,115.0,371.88,366.76,5.12,-52.63,Critical,Low
MN-TN-2023-004,MN-TN-2023-004_PROFILE_001,24,120.0,376.71,369.91,6.8,32.19,Critical,Low
MN-TN-2023-004,MN-TN-2023-004_PROFILE_001,25,125.0,375.76,367.3,8.46,-27.57,Moderate,Low
MN-TN-2023-004,MN-TN-2023-004_PROFILE_001,26,130.0,377.38,367.27,10.1,-0.29,Safe,Low
MN-TN-2023-004,MN-TN-2023-004_PROFILE_001,27,135.0,375.95,364.23,11.72,-31.32,Critical,Low
MN-TN-2023-004,MN-TN-2023-004_PROFILE_001,28,140.0,374.12,360.82,13.3,-34.27,Critical,Low
MN-TN-2023-004,MN-TN-2023-004_PROFILE_001,29,145.0,371.75,356.91,14.85,-38.05,Critical,Low
MN-TN-2023-004,MN-TN-2023-004_PROFILE_001,30,150.0,373.58,357.23,16.35,3.68,Safe,Low
MN-TN-2023-004,MN-TN-2023-004_PROFILE_001,31,155.0,372.1,354.29,17.81,-30.46,Critical,Low
MN-TN-2023-004,MN-TN-2023-004_PROFILE_001,32,160.0,372.44,353.22,19.22,-12.1,Safe,Low
MN-TN-2023-004,MN-TN-2023-004_PROFILE_001,33,165.0,374.58,354.0,20.58,8.85,Safe,Low
MN-TN-2023-004,MN-TN-2023-004_PROFILE_001,34,170.0,376.54,354.66,21.88,7.51,Safe,Low
MN-TN-2023-004,MN-TN-2023-004_PROFILE_001,35,175.0,373.79,350.67,23.12,-38.61,Critical,Low
MN-TN-2023-004,MN-TN-2023-004_PROFILE_001,36,180.0,370.41,346.11,24.3,-42.38,Critical,Low
MN-TN-2023-004,MN-TN-2023-004_PROFILE_001,37,185.0,373.49,348.08,25.41,21.47,Moderate,Low
MN-TN-2023-004,MN-TN-2023-004_PROFILE_001,38,190.0,374.79,348.34,26.45,2.96,Safe,Low
MN-TN-2023-004,MN-TN-2023-004_PROFILE_001,39,195.0,370.98,343.56,27.42,-43.74,Critical,Low
MN-TN-2023-004,MN-TN-2023-004_PROFILE_001,40,200.0,371.73,343.41,28.32,-1.68,Safe,Low
MN-TN-2023-004,MN-TN-2023-004_PROFILE_001,41,205.0,371.83,342.69,29.14,-8.16,Safe,Low
MN-TN-2023-004,MN-TN-2023-004_PROFILE_001,42,210.0,370.03,340.16,29.87,-26.86,Moderate,Low
MN-TN-2023-004,MN-TN-2023-004_PROFILE_001,43,215.0,372.7,342.17,30.53,21.89,Moderate,Low
MN-TN-2023-004,MN-TN-2023-004_PROFILE_001,44,220.0,370.96,339.86,31.1,-24.81,Moderate,Low
MN-TN-2023-004,MN-TN-2023-004_PROFILE_001,45,225.0,371.84,340.25,31.59,4.5,Safe,Low
MN-TN-2023-004,MN-TN-2023-004_PROFILE_001,46,230.0,369.03,337.04,31.99,-32.7,Critical,Low
MN-TN-2023-004,MN-TN-2023-004_PROFILE_001,47,235.0,369.73,337.43,32.3,4.43,Safe,Low
MN-TN-2023-004,MN-TN-2023-004_PROFILE_001,48,240.0,371.84,339.32,32.52,20.75,Moderate,Low
MN-TN-2023-004,MN-TN-2023-004_PROFILE_001,49,245.0,369.45,336.8,32.66,-26.76,Moderate,Low
MN-TN-2023-004,MN-TN-2023-004_PROFILE_001,50,250.0,373.45,340.75,32.7,38.34,Critical,Low
MN-TN-2023-004,MN-TN-2023-004_PROFILE_001,51,255.0,369.0,336.35,32.66,-41.38,Critical,Low
MN-TN-2023-004,MN-TN-2023-004_PROFILE_001,52,260.0,370.05,337.53,32.52,13.26,Safe,Low
MN-TN-2023-004,MN-TN-2023-004_PROFILE_001,53,265.0,371.27,338.97,32.3,16.04,Moderate,Low
MN-TN-2023-004,MN-TN-2023-004_PROFILE_001,54,270.0,366.36,334.38,31.99,-42.57,Critical,Low
MN-TN-2023-004,MN-TN-2023-004_PROFILE_001,55,275.0,365.48,333.89,31.59,-5.57,Safe,Low
MN-TN-2023-004,MN-TN-2023-004_PROFILE_001,56,280.0,365.75,334.65,31.1,8.63,Safe,Low
MN-TN-2023-004,MN-TN-2023-004_PROFILE_001,57,285.0,371.13,340.6,30.53,49.94,Critical,Low
MN-TN-2023-004,MN-TN-2023-004_PROFILE_001,58,290.0,367.3,337.42,29.87,-32.43,Critical,Low
MN-TN-2023-004,MN-TN-2023-004_PROFILE_001,59,295.0,373.32,344.18,29.14,53.51,Critical,Low
MN-TN-2023-004,MN-TN-2023-004_PROFILE_001,60,300.0,366.87,338.55,28.32,-48.38,Critical,Low
MN-TN-2023-004,MN-TN-2023-004_PROFILE_001,61,305.0,368.17,340.74,27.42,23.7,Moderate,Low
MN-TN-2023-004,MN-TN-2023-004_PROFILE_001,62,310.0,370.68,344.23,26.45,34.91,Critical,Low
MN-TN-2023-004,MN-TN-2023-004_PROFILE_001,63,315.0,371.41,346.0,25.41,19.49,Moderate,Low
MN-TN-2023-004,MN-TN-2023-004_PROFILE_001,64,320.0,371.32,347.02,24.3,11.55,Safe,Low
MN-TN-2023-004,MN-TN-2023-004_PROFILE_001,65,325.0,369.42,346.29,23.12,-8.26,Safe,Low
MN-TN-2023-004,MN-TN-2023-004_PROFILE_001,66,330.0,368.85,346.97,21.88,7.72,Safe,Low
MN-TN-2023-004,MN-TN-2023-004_PROFILE_001,67,335.0,367.79,347.21,20.58,2.71,Safe,Low
MN-TN-2023-004,MN-TN-2023-004_PROFILE_001,68,340.0,367.96,348.74,19.22,16.97,Moderate,Low
MN-TN-2023-004,MN-TN-2023-004_PROFILE_001,69,345.0,365.1,347.29,17.81,-16.19,Moderate,Low
MN-TN-2023-004,MN-TN-2023-004_PROFILE_001,70,350.0,364.36,348.01,16.35,8.23,Safe,Low
MN-TN-2023-004,MN-TN-2023-004_PROFILE_001,71,355.0,365.79,350.95,14.85,30.44,Critical,Low
MN-TN-2023-004,MN-TN-2023-004_PROFILE_001,72,360.0,365.26,351.96,13.3,11.41,Safe,Low
MN-TN-2023-004,MN-TN-2023-004_PROFILE_001,73,365.0,364.49,352.77,11.72,9.26,Safe,Low
MN-TN-2023-004,MN-TN-2023-004_PROFILE_001,74,370.0,366.59,356.49,10.1,36.63,Critical,Low
MN-TN-2023-004,MN-TN-2023-004_PROFILE_001,75,375.0,366.91,358.45,8.46,21.38,Moderate,Low
MN-TN-2023-004,MN-TN-2023-004_PROFILE_001,76,380.0,364.98,358.18,6.8,-3.11,Safe,Low
MN-TN-2023-004,MN-TN-2023-004_PROFILE_001,77,385.0,367.56,362.44,5.12,40.43,Critical,Low
MN-TN-2023-004,MN-TN-2023-004_PROFILE_001,78,390.0,362.12,358.7,3.42,-36.81,Critical,Low
MN-TN-2023-004,MN-TN-2023-004_PROFILE_001,79,395.0,363.81,362.1,1.71,34.23,Critical,Low
MN-TN-2023-004,MN-TN-2023-004_PROFILE_001,80,400.0,362.57,362.57,0.0,5.33,Safe,Low
MN-TN-2023-004,MN-TN-2023-004_PROFILE_001,81,405.0,360.07,360.07,0.0,-26.59,Moderate,Low
MN-TN-2023-004,MN-TN-2023-004_PROFILE_001,82,410.0,363.43,363.43,0.0,33.94,Critical,Low
MN-TN-2023-004,MN-TN-2023-004_PROFILE_001,83,415.0,363.16,363.16,0.0,-3.13,Safe,Low
MN-TN-2023-004,MN-TN-2023-004_PROFILE_001,84,420.0,366.23,366.23,0.0,31.52,Critical,Low
MN-TN-2023-004,MN-TN-2023-004_PROFILE_001,85,425.0,364.26,364.26,0.0,-21.49,Moderate,Low
MN-TN-2023-004,MN-TN-2023-004_PROFILE_001,86,430.0,360.75,360.75,0.0,-35.06,Critical,Low
MN-TN-2023-004,MN-TN-2023-004_PROFILE_001,87,435.0,366.31,366.31,0.0,48.03,Critical,Low
MN-TN-2023-004,MN-TN-2023-004_PROFILE_001,88,440.0,364.84,364.84,0.0,-16.36,Moderate,Low
MN-TN-2023-004,MN-TN-2023-004_PROFILE_001,89,445.0,363.36,363.36,0.0,-16.44,Moderate,Low
MN-TN-2023-004,MN-TN-2023-004_PROFILE_001,90,450.0,361.55,361.55,0.0,-19.93,Moderate,Low
MN-TN-2023-004,MN-TN-2023-004_PROFILE_001,91,455.0,359.88,359.88,0.0,-18.46,Moderate,Low
MN-TN-2023-004,MN-TN-2023-004_PROFILE_001,92,460.0,360.86,360.86,0.0,11.04,Safe,Low
MN-TN-2023-004,MN-TN-2023-004_PROFILE_001,93,465.0,363.58,363.58,0.0,28.52,Moderate,Low
MN-TN-2023-004,MN-TN-2023-004_PROFILE_001,94,470.0,364.97,364.97,0.0,15.53,Moderate,Low
MN-TN-2023-004,MN-TN-2023-004_PROFILE_001,95,475.0,364.09,364.09,0.0,-10.02,Safe,Low
MN-TN-2023-004,MN-TN-2023-004_PROFILE_001,96,480.0,359.82,359.82,0.0,-40.48,Critical,Low
MN-TN-2023-004,MN-TN-2023-004_PROFILE_001,97,485.0,358.36,358.36,0.0,-16.27,Moderate,Low
MN-TN-2023-004,MN-TN-2023-004_PROFILE_001,98,490.0,360.68,360.68,0.0,24.91,Moderate,Low
MN-TN-2023-004,MN-TN-2023-004_PROFILE_001,99,495.0,356.66,356.66,0.0,-38.78,Critical,Low
MN-TN-2023-005,MN-TN-2023-005_PROFILE_001,0,0.0,590.65,590.65,0.0,0.0,Safe,Low
MN-TN-2023-005,MN-TN-2023-005_PROFILE_001,1,5.0,589.5,589.5,0.0,-12.9,Safe,Low
MN-TN-2023-005,MN-TN-2023-005_PROFILE_001,2,10.0,588.67,588.67,0.0,-9.45,Safe,Low
MN-TN-2023-005,MN-TN-2023-005_PROFILE_001,3,15.0,586.21,586.21,0.0,-26.19,Moderate,Low
MN-TN-2023-005,MN-TN-2023-005_PROFILE_001,4,20.0,590.23,590.23,0.0,38.78,Critical,Low
MN-TN-2023-005,MN-TN-2023-005_PROFILE_001,5,25.0,587.93,587.93,0.0,-24.66,Moderate,Low
MN-TN-2023-005,MN-TN-2023-005_PROFILE_001,6,30.0,586.46,586.46,0.0,-16.38,Moderate,Low
MN-TN-2023-005,MN-TN-2023-005_PROFILE_001,7,35.0,582.86,582.86,0.0,-35.79,Critical,Low
MN-TN-2023-005,MN-TN-2023-005_PROFILE_001,8,40.0,588.34,588.34,0.0,47.65,Critical,Low
MN-TN-2023-005,MN-TN-2023-005_PROFILE_001,9,45.0,591.74,591.74,0.0,34.25,Critical,Low
MN-TN-2023-005,MN-TN-2023-005_PROFILE_001,10,50.0,591.32,591.32,0.0,-4.77,Safe,Low
MN-TN-2023-005,MN-TN-2023-005_PROFILE_001,11,55.0,586.89,586.89,0.0,-41.57,Critical,Low
MN-TN-2023-005,MN-TN-2023-005_PROFILE_001,12,60.0,586.4,586.4,0.0,-5.65,Safe,Low
MN-TN-2023-005,MN-TN-2023-005_PROFILE_001,13,65.0,588.34,588.34,0.0,21.18,Moderate,Low
MN-TN-2023-005,MN-TN-2023-005_PROFILE_001,14,70.0,585.2,585.2,0.0,-32.1,Critical,Low
MN-TN-2023-005,MN-TN-2023-005_PROFILE_001,15,75.0,587.6,587.6,0.0,25.67,Moderate,Low
MN-TN-2023-005,MN-TN-2023-005_PROFILE_001,16,80.0,588.33,588.33,0.0,8.33,Safe,Low
MN-TN-2023-005,MN-TN-2023-005_PROFILE_001,17,85.0,589.05,589.05,0.0,8.24,Safe,Low
MN-TN-2023-005,MN-TN-2023-005_PROFILE_001,18,90.0,586.2,586.2,0.0,-29.69,Moderate,Low
MN-TN-2023-005,MN-TN-2023-005_PROFILE_001,19,95.0,585.79,585.79,0.0,-4.66,Safe,Low
MN-TN-2023-005,MN-TN-2023-005_PROFILE_001,20,100.0,584.24,584.24,0.0,-17.18,Moderate,Low
MN-TN-2023-005,MN-TN-2023-005_PROFILE_001,21,105.0,584.15,582.11,2.04,-23.07,Moderate,Low
MN-TN-2023-005,MN-TN-2023-005_PROFILE_001,22,110.0,585.15,581.08,4.07,-11.63,Safe,Low
MN-TN-2023-005,MN-TN-2023-005_PROFILE_001,23,115.0,586.13,580.05,6.09,-11.65,Safe,Low
MN-TN-2023-005,MN-TN-2023-005_PROFILE_001,24,120.0,587.03,578.94,8.09,-12.52,Safe,Low
MN-TN-2023-005,MN-TN-2023-005_PROFILE_001,25,125.0,583.39,573.33,10.07,-48.31,Critical,Low
MN-TN-2023-005,MN-TN-2023-005_PROFILE_001,26,130.0,587.79,575.76,12.02,25.96,Moderate,Low
MN-TN-2023-005,MN-TN-2023-005_PROFILE_001,27,135.0,584.06,570.12,13.94,-48.46,Critical,Low
MN-TN-2023-005,MN-TN-2023-005_PROFILE_001,28,140.0,584.36,568.54,15.82,-17.59,Moderate,Low
MN-TN-2023-005,MN-TN-2023-005_PROFILE_001,29,145.0,582.71,565.05,17.66,-34.95,Critical,Low
MN-TN-2023-005,MN-TN-2023-005_PROFILE_001,30,150.0,579.15,559.7,19.45,-46.93,Critical,Low
MN-TN-2023-005,MN-TN-2023-005_PROFILE_001,31,155.0,585.57,564.38,21.19,43.12,Critical,Low
MN-TN-2023-005,MN-TN-2023-005_PROFILE_001,32,160.0,585.07,562.21,22.86,-23.47,Moderate,Low
MN-TN-2023-005,MN-TN-2023-005_PROFILE_001,33,165.0,582.84,558.36,24.48,-37.62,Critical,Low
MN-TN-2023-005,MN-TN-2023-005_PROFILE_001,34,170.0,583.33,557.3,26.03,-11.92,Safe,Low
MN-TN-2023-005,MN-TN-2023-005_PROFILE_001,35,175.0,584.03,556.53,27.51,-8.81,Safe,Low
MN-TN-2023-005,MN-TN-2023-005_PROFILE_001,36,180.0,579.67,550.77,28.91,-49.06,Critical,Low
MN-TN-2023-005,MN-TN-2023-005_PROFILE_001,37,185.0,581.54,551.31,30.23,6.17,Safe,Low
MN-TN-2023-005,MN-TN-2023-005_PROFILE_001,38,190.0,583.99,552.52,31.47,13.58,Safe,Low
MN-TN-2023-005,MN-TN-2023-005_PROFILE_001,39,195.0,579.69,547.07,32.62,-47.48,Critical,Low
MN-TN-2023-005,MN-TN-2023-005_PROFILE_001,40,200.0,582.59,548.9,33.69,20.09,Moderate,Low
MN-TN-2023-005,MN-TN-2023-005_PROFILE_001,41,205.0,579.09,544.43,34.66,-41.82,Critical,High
MN-TN-2023-005,MN-TN-2023-005_PROFILE_001,42,210.0,582.53,547.0,35.54,27.17,Moderate,Low
MN-TN-2023-005,MN-TN-2023-005_PROFILE_001,43,215.0,581.33,545.01,36.32,-21.68,Moderate,Low
MN-TN-2023-005,MN-TN-2023-005_PROFILE_001,44,220.0,577.97,540.97,37.0,-38.91,Critical,High
MN-TN-2023-005,MN-TN-2023-005_PROFILE_001,45,225.0,583.33,545.75,37.57,43.74,Critical,Low
MN-TN-2023-005,MN-TN-2023-005_PROFILE_001,46,230.0,579.33,541.28,38.05,-41.79,Critical,High
MN-TN-2023-005,MN-TN-2023-005_PROFILE_001,47,235.0,578.98,540.56,38.42,-8.21,Safe,High
MN-TN-2023-005,MN-TN-2023-005_PROFILE_001,48,240.0,580.8,542.11,38.69,17.27,Moderate,High
MN-TN-2023-005,MN-TN-2023-005_PROFILE_001,49,245.0,582.5,543.65,38.85,17.12,Moderate,High
MN-TN-2023-005,MN-TN-2023-005_PROFILE_001,50,250.0,577.97,539.07,38.9,-42.5,Critical,High
MN-TN-2023-005,MN-TN-2023-005_PROFILE_001,51,255.0,579.92,541.08,38.85,21.87,Moderate,High
MN-TN-2023-005,MN-TN-2023-005_PROFILE_001,52,260.0,580.46,541.77,38.69,7.87,Safe,High
MN-TN-2023-005,MN-TN-2023-005_PROFILE_001,53,265.0,580.79,542.37,38.42,6.79,Safe,High
MN-TN-2023-005,MN-TN-2023-005_PROFILE_001,54,270.0,579.55,541.5,38.05,-9.84,Safe,High
MN-TN-2023-005,MN-TN-2023-005_PROFILE_001,55,275.0,578.27,540.69,37.57,-9.19,Safe,High
MN-TN-2023-005,MN-TN-2023-005_PROFILE_001,56,280.0,577.14,540.15,37.0,-6.18,Safe,High
MN-TN-2023-005,MN-TN-2023-005_PROFILE_001,57,285.0,578.77,542.46,36.32,24.76,Moderate,High
MN-TN-2023-005,MN-TN-2023-005_PROFILE_001,58,290.0,576.26,540.72,35.54,-19.2,Moderate,High
MN-TN-2023-005,MN-TN-2023-005_PROFILE_001,59,295.0,572.36,537.7,34.66,-31.16,Critical,High
MN-TN-2023-005,MN-TN-2023-005_PROFILE_001,60,300.0,578.87,545.18,33.69,56.26,Critical,Low
MN-TN-2023-005,MN-TN-2023-005_PROFILE_001,61,305.0,579.61,546.98,32.62,19.84,Moderate,Low
MN-TN-2023-005,MN-TN-2023-005_PROFILE_001,62,310.0,572.87,541.4,31.47,-48.12,Critical,High
MN-TN-2023-005,MN-TN-2023-005_PROFILE_001,63,315.0,575.38,545.15,30.23,36.87,Critical,Low
MN-TN-2023-005,MN-TN-2023-005_PROFILE_001,64,320.0,578.44,549.53,28.91,41.22,Critical,Low
MN-TN-2023-005,MN-TN-2023-005_PROFILE_001,65,325.0,581.11,553.61,27.51,39.2,Critical,Low
MN-TN-2023-005,MN-TN-2023-005_PROFILE_001,66,330.0,576.84,550.81,26.03,-29.23,Moderate,Low
MN-TN-2023-005,MN-TN-2023-005_PROFILE_001,67,335.0,575.14,550.66,24.48,-1.68,Safe,Low
MN-TN-2023-005,MN-TN-2023-005_PROFILE_001,68,340.0,576.03,553.17,22.86,26.65,Moderate,Low
MN-TN-2023-005,MN-TN-2023-005_PROFILE_001,69,345.0,578.95,557.76,21.19,42.57,Critical,Low
MN-TN-2023-005,MN-TN-2023-005_PROFILE_001,70,350.0,574.71,555.26,19.45,-26.58,Moderate,Low
MN-TN-2023-005,MN-TN-2023-005_PROFILE_001,71,355.0,574.2,556.54,17.66,14.37,Safe,Low
MN-TN-2023-005,MN-TN-2023-005_PROFILE_001,72,360.0,574.63,558.81,15.82,24.44,Moderate,Low
MN-TN-2023-005,MN-TN-2023-005_PROFILE_001,73,365.0,573.49,559.55,13.94,8.45,Safe,Low
MN-TN-2023-005,MN-TN-2023-005_PROFILE_001,74,370.0,575.45,563.42,12.02,37.77,Critical,Low
MN-TN-2023-005,MN-TN-2023-005_PROFILE_001,75,375.0,578.25,568.18,10.07,43.6,Critical,Low
MN-TN-2023-005,MN-TN-2023-005_PROFILE_001,76,380.0,575.45,567.36,8.09,-9.33,Safe,Low
MN-TN-2023-005,MN-TN-2023-005_PROFILE_001,77,385.0,574.1,568.01,6.09,7.41,Safe,Low
MN-TN-2023-005,MN-TN-2023-005_PROFILE_001,78,390.0,573.82,569.75,4.07,19.19,Moderate,Low
MN-TN-2023-005,MN-TN-2023-005_PROFILE_001,79,395.0,571.07,569.04,2.04,-8.11,Safe,Low
MN-TN-2023-005,MN-TN-2023-005_PROFILE_001,80,400.0,575.77,575.77,0.0,53.37,Critical,Low
MN-TN-2023-005,MN-TN-2023-005_PROFILE_001,81,405.0,573.64,573.64,0.0,-23.03,Moderate,Low
MN-TN-2023-005,MN-TN-2023-005_PROFILE_001,82,410.0,573.24,573.24,0.0,-4.58,Safe,Low
MN-TN-2023-005,MN-TN-2023-005_PROFILE_001,83,415.0,579.79,579.79,0.0,52.63,Critical,Low
MN-TN-2023-005,MN-TN-2023-005_PROFILE_001,84,420.0,573.8,573.8,0.0,-50.16,Critical,Low
MN-TN-2023-005,MN-TN-2023-005_PROFILE_001,85,425.0,571.5,571.5,0.0,-24.74,Moderate,Low
MN-TN-2023-005,MN-TN-2023-005_PROFILE_001,86,430.0,571.95,571.95,0.0,5.11,Safe,Low
MN-TN-2023-005,MN-TN-2023-005_PROFILE_001,87,435.0,574.9,574.9,0.0,30.51,Critical,Low
MN-TN-2023-005,MN-TN-2023-005_PROFILE_001,88,440.0,572.63,572.63,0.0,-24.45,Moderate,Low
MN-TN-2023-005,MN-TN-2023-005_PROFILE_001,89,445.0,569.32,569.32,0.0,-33.48,Critical,Low
MN-TN-2023-005,MN-TN-2023-005_PROFILE_001,90,450.0,573.84,573.84,0.0,42.1,Critical,Low
MN-TN-2023-005,MN-TN-2023-005_PROFILE_001,91,455.0,570.46,570.46,0.0,-34.03,Critical,Low
MN-TN-2023-005,MN-TN-2023-005_PROFILE_001,92,460.0,575.35,575.35,0.0,44.34,Critical,Low
MN-TN-2023-005,MN-TN-2023-005_PROFILE_001,93,465.0,573.56,573.56,0.0,-19.7,Moderate,Low
MN-TN-2023-005,MN-TN-2023-005_PROFILE_001,94,470.0,570.31,570.31,0.0,-33.06,Critical,Low
MN-TN-2023-005,MN-TN-2023-005_PROFILE_001,95,475.0,573.56,573.56,0.0,33.04,Critical,Low
MN-TN-2023-005,MN-TN-2023-005_PROFILE_001,96,480.0,570.94,570.94,0.0,-27.69,Moderate,Low
MN-TN-2023-005,MN-TN-2023-005_PROFILE_001,97,485.0,572.31,572.31,0.0,15.28,Moderate,Low
MN-TN-2023-005,MN-TN-2023-005_PROFILE_001,98,490.0,571.37,571.37,0.0,-10.65,Safe,Low
MN-TN-2023-005,MN-TN-2023-005_PROFILE_001,99,495.0,568.51,568.51,0.0,-29.79,Moderate,Low
